INSERT INTO `ssafitlog`.`user` (`userId`, `userComment`, `img`, `password`, `email`, `nickName`, `userName`, `totalExp`, `level`, `tier`, `userStatus`, `reviewCount`)
VALUES
    ('tester1', 'User comment 1', 'img1.jpg', '1234', 'tester1@example.com', 'Nick1', 'User Name 1', 100, 1, 'Bronze', 1, 5),
    ('tester2', 'User comment 2', 'img2.jpg', '1234', 'tester2@example.com', 'Nick2', 'User Name 2', 200, 2, 'Silver', 1, 10),
    ('user3', 'User comment 3', 'img3.jpg', '1234', 'user3@example.com', 'Nick3', 'User Name 3', 300, 3, 'Gold', 1, 15),
    ('user4', 'User comment 4', 'img4.jpg', '1234', 'user4@example.com', 'Nick4', 'User Name 4', 400, 4, 'Platinum', 1, 20),
    ('user5', 'User comment 5', 'img5.jpg', '1234', 'user5@example.com', 'Nick5', 'User Name 5', 500, 5, 'Diamond', 1, 25),
    ('user6', 'User comment 6', 'img6.jpg', '1234', 'user6@example.com', 'Nick6', 'User Name 6', 600, 6, 'Master', 1, 30),
    ('user7', 'User comment 7', 'img7.jpg', '1234', 'user7@example.com', 'Nick7', 'User Name 7', 700, 7, 'Grandmaster', 1, 35),
    ('user8', 'User comment 8', 'img8.jpg', '1234', 'user8@example.com', 'Nick8', 'User Name 8', 800, 8, 'Challenger', 1, 40),
    ('user9', 'User comment 9', 'img9.jpg', '1234', 'user9@example.com', 'Nick9', 'User Name 9', 900, 9, 'Bronze', 1, 45),
    ('user10', 'User comment 10', 'img10.jpg', '1234', 'user10@example.com', 'Nick10', 'User Name 10', 1000, 10, 'Silver', 1, 50),
    ('user11', 'User comment 11', 'img11.jpg', '1234', 'user11@example.com', 'Nick11', 'User Name 11', 1100, 11, 'Gold', 1, 55);

INSERT INTO `ssafitlog`.`board` (`userId`, `regDate`, `link`, `scoreCount`, `boardContent`, `boardTitle`, `favoriteCount`)
VALUES
    ('tester1', DATE_SUB(CURDATE(), INTERVAL FLOOR(RAND() * 60) DAY), 'https://example.com/board/1', 10, '게시물 내용 1', '게시물 제목 1', 5),
    ('tester1', DATE_SUB(CURDATE(), INTERVAL FLOOR(RAND() * 60) DAY), 'https://example.com/board/2', 15, '게시물 내용 2', '게시물 제목 2', 8),
    ('tester2', DATE_SUB(CURDATE(), INTERVAL FLOOR(RAND() * 60) DAY), 'https://example.com/board/3', 20, '게시물 내용 3', '게시물 제목 3', 12),
    ('tester2', DATE_SUB(CURDATE(), INTERVAL FLOOR(RAND() * 60) DAY), 'https://example.com/board/4', 5, '게시물 내용 4', '게시물 제목 4', 3),
	('user3', DATE_SUB(CURDATE(), INTERVAL FLOOR(RAND() * 60) DAY), 'https://example.com/board/1', 10, '게시물 내용 1', '게시물 제목 1', 5),
    ('user3', DATE_SUB(CURDATE(), INTERVAL FLOOR(RAND() * 60) DAY), 'https://example.com/board/2', 15, '게시물 내용 2', '게시물 제목 2', 8),
    ('user3', DATE_SUB(CURDATE(), INTERVAL FLOOR(RAND() * 60) DAY), 'https://example.com/board/3', 20, '게시물 내용 3', '게시물 제목 3', 12),
    ('user4', DATE_SUB(CURDATE(), INTERVAL FLOOR(RAND() * 60) DAY), 'https://example.com/board/4', 5, '게시물 내용 4', '게시물 제목 4', 3),
	('user5', DATE_SUB(CURDATE(), INTERVAL FLOOR(RAND() * 60) DAY), 'https://example.com/board/1', 10, '게시물 내용 1', '게시물 제목 1', 5),
    ('user5', DATE_SUB(CURDATE(), INTERVAL FLOOR(RAND() * 60) DAY), 'https://example.com/board/2', 15, '게시물 내용 2', '게시물 제목 2', 8),
    ('user5', DATE_SUB(CURDATE(), INTERVAL FLOOR(RAND() * 60) DAY), 'https://example.com/board/3', 20, '게시물 내용 3', '게시물 제목 3', 12),
    ('user5', DATE_SUB(CURDATE(), INTERVAL FLOOR(RAND() * 60) DAY), 'https://example.com/board/4', 5, '게시물 내용 4', '게시물 제목 4', 3),
	('user5', DATE_SUB(CURDATE(), INTERVAL FLOOR(RAND() * 60) DAY), 'https://example.com/board/2', 15, '게시물 내용 2', '게시물 제목 2', 8),
    ('user6', DATE_SUB(CURDATE(), INTERVAL FLOOR(RAND() * 60) DAY), 'https://example.com/board/3', 20, '게시물 내용 3', '게시물 제목 3', 12),
    ('user6', DATE_SUB(CURDATE(), INTERVAL FLOOR(RAND() * 60) DAY), 'https://example.com/board/4', 5, '게시물 내용 4', '게시물 제목 4', 3),
	('user7', DATE_SUB(CURDATE(), INTERVAL FLOOR(RAND() * 60) DAY), 'https://example.com/board/1', 10, '게시물 내용 1', '게시물 제목 1', 5),
    ('user8', DATE_SUB(CURDATE(), INTERVAL FLOOR(RAND() * 60) DAY), 'https://example.com/board/2', 15, '게시물 내용 2', '게시물 제목 2', 8),
    ('user8', DATE_SUB(CURDATE(), INTERVAL FLOOR(RAND() * 60) DAY), 'https://example.com/board/3', 20, '게시물 내용 3', '게시물 제목 3', 12),
    ('user8', DATE_SUB(CURDATE(), INTERVAL FLOOR(RAND() * 60) DAY), 'https://example.com/board/4', 5, '게시물 내용 4', '게시물 제목 4', 3),
	('user9', DATE_SUB(CURDATE(), INTERVAL FLOOR(RAND() * 60) DAY), 'https://example.com/board/2', 15, '게시물 내용 2', '게시물 제목 2', 8),
    ('user9', DATE_SUB(CURDATE(), INTERVAL FLOOR(RAND() * 60) DAY), 'https://example.com/board/3', 20, '게시물 내용 3', '게시물 제목 3', 12),
    ('user9', DATE_SUB(CURDATE(), INTERVAL FLOOR(RAND() * 60) DAY), 'https://example.com/board/4', 5, '게시물 내용 4', '게시물 제목 4', 3),
	('user10', DATE_SUB(CURDATE(), INTERVAL FLOOR(RAND() * 60) DAY), 'https://example.com/board/1', 10, '게시물 내용 1', '게시물 제목 1', 5),
    ('user10', DATE_SUB(CURDATE(), INTERVAL FLOOR(RAND() * 60) DAY), 'https://example.com/board/2', 15, '게시물 내용 2', '게시물 제목 2', 8),
    ('user11', DATE_SUB(CURDATE(), INTERVAL FLOOR(RAND() * 60) DAY), 'https://example.com/board/3', 20, '게시물 내용 3', '게시물 제목 3', 12);

INSERT INTO `ssafitlog`.`review` (`boardNumber`, `userId`, `regDate`, `reviewContent`, `reviewScore`, `reviewStatus`)
VALUES
    (1, 'tester1', DATE_SUB(CURDATE(), INTERVAL FLOOR(RAND() * 60) DAY), '리뷰 내용 1', FLOOR(RAND() * 5) + 1, 1),
    (1, 'tester1', DATE_SUB(CURDATE(), INTERVAL FLOOR(RAND() * 60) DAY), '리뷰 내용 2', FLOOR(RAND() * 5) + 1, 1),
    (1, 'tester1', DATE_SUB(CURDATE(), INTERVAL FLOOR(RAND() * 60) DAY), '리뷰 내용 3', FLOOR(RAND() * 5) + 1, 1),
    (1, 'tester1', DATE_SUB(CURDATE(), INTERVAL FLOOR(RAND() * 60) DAY), '리뷰 내용 4', FLOOR(RAND() * 5) + 1, 1),
    (1, 'tester1', DATE_SUB(CURDATE(), INTERVAL FLOOR(RAND() * 60) DAY), '리뷰 내용 5', FLOOR(RAND() * 5) + 1, 1),
	(2, 'tester1', DATE_SUB(CURDATE(), INTERVAL FLOOR(RAND() * 60) DAY), '리뷰 내용 1', FLOOR(RAND() * 5) + 1, 1),
    (2, 'tester1', DATE_SUB(CURDATE(), INTERVAL FLOOR(RAND() * 60) DAY), '리뷰 내용 2', FLOOR(RAND() * 5) + 1, 1),
    (2, 'tester1', DATE_SUB(CURDATE(), INTERVAL FLOOR(RAND() * 60) DAY), '리뷰 내용 3', FLOOR(RAND() * 5) + 1, 1),
    (2, 'tester1', DATE_SUB(CURDATE(), INTERVAL FLOOR(RAND() * 60) DAY), '리뷰 내용 4', FLOOR(RAND() * 5) + 1, 1),
    (2, 'tester1', DATE_SUB(CURDATE(), INTERVAL FLOOR(RAND() * 60) DAY), '리뷰 내용 5', FLOOR(RAND() * 5) + 1, 1),
	(1, 'tester2', DATE_SUB(CURDATE(), INTERVAL FLOOR(RAND() * 60) DAY), '리뷰 내용 1', FLOOR(RAND() * 5) + 1, 1),
    (1, 'tester2', DATE_SUB(CURDATE(), INTERVAL FLOOR(RAND() * 60) DAY), '리뷰 내용 2', FLOOR(RAND() * 5) + 1, 1),
    (1, 'tester2', DATE_SUB(CURDATE(), INTERVAL FLOOR(RAND() * 60) DAY), '리뷰 내용 3', FLOOR(RAND() * 5) + 1, 1),
    (1, 'tester2', DATE_SUB(CURDATE(), INTERVAL FLOOR(RAND() * 60) DAY), '리뷰 내용 4', FLOOR(RAND() * 5) + 1, 1),
    (2, 'tester2', DATE_SUB(CURDATE(), INTERVAL FLOOR(RAND() * 60) DAY), '리뷰 내용 5', FLOOR(RAND() * 5) + 1, 1),
	(2, 'tester2', DATE_SUB(CURDATE(), INTERVAL FLOOR(RAND() * 60) DAY), '리뷰 내용 1', FLOOR(RAND() * 5) + 1, 1),
    (2, 'tester2', DATE_SUB(CURDATE(), INTERVAL FLOOR(RAND() * 60) DAY), '리뷰 내용 2', FLOOR(RAND() * 5) + 1, 1),
    (2, 'tester2', DATE_SUB(CURDATE(), INTERVAL FLOOR(RAND() * 60) DAY), '리뷰 내용 3', FLOOR(RAND() * 5) + 1, 1),
    (2, 'tester2', DATE_SUB(CURDATE(), INTERVAL FLOOR(RAND() * 60) DAY), '리뷰 내용 4', FLOOR(RAND() * 5) + 1, 1),
    (2, 'tester2', DATE_SUB(CURDATE(), INTERVAL FLOOR(RAND() * 60) DAY), '리뷰 내용 5', FLOOR(RAND() * 5) + 1, 1);

INSERT INTO `ssafitlog`.`follow` (`followFrom`, `followTo`)
VALUES
    ('tester1', 'tester2'),
    ('tester1', 'user3'),
    ('tester1', 'user4'),
    ('tester1', 'user5'),
    ('tester1', 'user6'),
    ('tester2', 'user7'),
    ('tester2', 'tester1'),
    ('tester2', 'user8'),
    ('tester2', 'user9'),
    ('tester2', 'user10'),
    ('tester2', 'user11');

INSERT INTO `ssafitlog`.`favorite` (`userId`, `boardNumber`)
VALUES
    ('tester1', 1),
    ('tester1', 2),
    ('tester1', 3),
    ('tester1', 4),
    ('tester1', 5),
    ('tester2', 1),
    ('tester2', 2),
    ('tester2', 7),
    ('tester2', 8),
    ('tester2', 9),
    ('tester2', 10),
    ('tester2', 11),
    ('tester2', 12);

INSERT INTO `ssafitlog`.`exp`
VALUES
    ('tester1', TIMESTAMP('2023-05-15 00:00:00'), 10, 1),
    ('tester1', TIMESTAMP('2023-05-14 00:00:00'), 10, 2),
	('tester1', TIMESTAMP('2023-05-13 00:00:00'), 10, 3),
    ('tester1', TIMESTAMP('2023-05-12 00:00:00'), 10, 4),
	('tester1', TIMESTAMP('2023-05-11 00:00:00'), 10, 5),
    ('tester1', TIMESTAMP('2023-05-10 00:00:00'), 10, 1),
	('tester1', TIMESTAMP('2023-05-9 00:00:00'), 10, 2),
    ('tester1', TIMESTAMP('2023-05-8 00:00:00'), 10, 3),
	('tester1', TIMESTAMP('2023-05-7 00:00:00'), 10, 4),
    ('tester1', TIMESTAMP('2023-05-6 00:00:00'), 10, 5),
	('tester2', TIMESTAMP('2023-05-15 00:00:00'), 1, 1),
    ('tester2', TIMESTAMP('2023-05-14 00:00:00'), 3, 2),
	('tester2', TIMESTAMP('2023-05-13 00:00:00'), 5, 3),
    ('tester2', TIMESTAMP('2023-05-12 00:00:00'), 7, 4),
	('tester2', TIMESTAMP('2023-05-11 00:00:00'), 9, 5),
    ('tester2', TIMESTAMP('2023-05-10 00:00:00'), 2, 1),
	('tester2', TIMESTAMP('2023-05-9 00:00:00'), 5, 2),
	('tester2', TIMESTAMP('2023-05-8 00:00:00'), 8, 3),
	('tester2', TIMESTAMP('2023-05-7 00:00:00'), 10, 4),
	('tester2', TIMESTAMP('2023-05-6 00:00:00'), 15, 5),
    ('user3', CURRENT_TIMESTAMP, 150, 70),
    ('user4', CURRENT_TIMESTAMP, 120, 60),
    ('user5', CURRENT_TIMESTAMP, 180, 90),
    ('user6', CURRENT_TIMESTAMP, 140, 75),
    ('user7', CURRENT_TIMESTAMP, 110, 55),
    ('user8', CURRENT_TIMESTAMP, 190, 85),
    ('user9', CURRENT_TIMESTAMP, 160, 65),
    ('user10', CURRENT_TIMESTAMP, 130, 68),
    ('user11', CURRENT_TIMESTAMP, 170, 72);
